{
  "slots": {
    "Kit_0_Pos_1": {
      "pos": [
        0.5575469871992703,
        0.509683261826017,
        0.2
      ],
      "Role": null,
      "child_part": {
        "pos": [
          0.5575469871992703,
          0.509683261826017,
          0.2
        ],
        "Color": "Blue",
        "Size": null
      }
    },
    "Kit_0_Pos_2": {
      "pos": [
        0.5146094495725165,
        0.46777421909594386,
        0.2
      ],
      "Role": null,
      "child_part": {
        "pos": [
          0.5146094495725165,
          0.46777421909594386,
          0.2
        ],
        "Color": "Blue",
        "Size": null
      }
    },
    "Kit_0_Pos_3": {
      "pos": [
        0.5744948408884605,
        0.44936933096978937,
        0.2
      ],
      "Role": null,
      "child_part": {
        "pos": [
          0.5744948408884605,
          0.44936933096978937,
          0.2
        ],
        "Color": "Red",
        "Size": null
      }
    },
    "Kit_2_Pos_1": {
      "pos": [
        0.5658699690933217,
        0.3129912640811188,
        0.2
      ],
      "Role": null,
      "child_part": {
        "pos": [
          0.5774820692539215,
          0.31052251255512237,
          0.2
        ],
        "Color": "Red",
        "Size": null
      }
    },
    "Kit_2_Pos_2": {
      "pos": [
        0.5154377720673029,
        0.28048597984718493,
        0.2
      ],
      "Role": null,
      "child_part": {
        "pos": [
          0.5230641312599182,
          0.27629901564121245,
          0.2
        ],
        "Color": "Red",
        "Size": null
      }
    },
    "Kit_2_Pos_3": {
      "pos": [
        0.570450381128085,
        0.25050910802363474,
        0.2
      ],
      "Role": null,
      "child_part": null
    },
    "Container_3_Pos_1": {
      "pos": [
        0.20223174338156605,
        0.5856971383152176,
        0.2
      ],
      "Role": null,
      "child_part": null
    },
    "Container_3_Pos_2": {
      "pos": [
        0.2219362796835011,
        0.5262267150013911,
        0.2
      ],
      "Role": null,
      "child_part": {
        "pos": [
          0.2215134449005127,
          0.5268736640214919,
          0.2
        ],
        "Color": "Blue",
        "Size": null
      }
    },
    "Container_3_Pos_3": {
      "pos": [
        0.2908128799363153,
        0.5137361610659552,
        0.2
      ],
      "Role": null,
      "child_part": null
    },
    "Container_3_Pos_4": {
      "pos": [
        0.33014542956536386,
        0.5625003952922654,
        0.2
      ],
      "Role": null,
      "child_part": null
    },
    "Container_3_Pos_5": {
      "pos": [
        0.31044089326342883,
        0.6219708186060918,
        0.2
      ],
      "Role": null,
      "child_part": null
    },
    "Container_3_Pos_6": {
      "pos": [
        0.2415642930106146,
        0.6344613725415277,
        0.2
      ],
      "Role": null,
      "child_part": null
    }
  },
  "parts": {}
}