{"slots":{"Kit_0_Pos_1":{"p":[0.5584767756774843,0.5100297103012914]},"Kit_0_Pos_2":{"p":[0.5157721407017961,0.4678833682109839]},"Kit_0_Pos_3":{"p":[0.5757586051057554,0.44981062386175685]},"Container_1_Pos_1":{"p":[0.06074449482802108,0.5093716607997194]},"Container_1_Pos_2":{"p":[0.11461708210574789,0.5413520350940222]},"Container_1_Pos_3":{"p":[0.11207134764719,0.6113057286067061]},"Container_1_Pos_4":{"p":[0.05601670226212785,0.6392856630375608]},"Container_1_Pos_5":{"p":[0.0021441149844010354,0.607305288743258]},"Container_1_Pos_6":{"p":[0.0046898494429589155,0.5373515952305741]},"Kit_2_Pos_1":{"p":[0.5674328402245394,0.31322493925107914],"ch":{"name":"Part_Red_Nr_2","p":[0.5805757291316986,0.3093451271057129],"c":"Red"}},"Kit_2_Pos_2":{"p":[0.5171342091306961,0.28051335552168055],"ch":{"name":"Part_Red_Nr_3","p":[0.5256750233173371,0.27708445584774016],"c":"Red"}},"Kit_2_Pos_3":{"p":[0.5722691430962331,0.2507620688836901],"ch":{"name":"Part_Red_Nr_1","p":[0.586235726594925,0.25018712973594665],"c":"Red"}},"Container_3_Pos_1":{"p":[0.2029447324158973,0.5849275797940583]},"Container_3_Pos_2":{"p":[0.22219908156964555,0.5253098807553873],"ch":{"name":"Part_Blue_Nr_3","p":[0.22193546813726425,0.5264139184951782],"c":"Blue"}},"Container_3_Pos_3":{"p":[0.2909792789000289,0.5122989447708577],"ch":{"name":"Part_Blue_Nr_2","p":[0.2891801096200943,0.5158540318012237],"c":"Blue"}},"Container_3_Pos_4":{"p":[0.33067938460089497,0.5607644129656463],"ch":{"name":"Part_Blue_Nr_1","p":[0.33376407098770144,0.5652798423767089],"c":"Blue"}},"Container_3_Pos_5":{"p":[0.3114250354471467,0.6203821120043174]},"Container_3_Pos_6":{"p":[0.2426448381167634,0.6333930479888468]}}}