{
  "slots": {
    "Kit_0_Pos_1": {
      "pos": [
        -0.0454256208455551,
        0.4710316405466519,
        0.2
      ],
      "quat": [
        -0.9214052431423866,
        -0.3884316547590146,
        -0.011368659081744474,
        0.001995264788503215
      ],
      "orientation": -26.36105350927778,
      "Role": null,
      "child_part": null
    },
    "Kit_0_Pos_2": {
      "pos": [
        0.004527072161629869,
        0.5042690962454556,
        0.2
      ],
      "quat": [
        -0.9214052431423866,
        -0.3884316547590146,
        -0.011368659081744474,
        0.001995264788503215
      ],
      "orientation": -86.36105350927778,
      "Role": null,
      "child_part": null
    },
    "Kit_0_Pos_3": {
      "pos": [
        -0.050916942065865944,
        0.5334403369859733,
        0.2
      ],
      "quat": [
        -0.9214052431423866,
        -0.3884316547590146,
        -0.011368659081744474,
        0.001995264788503215
      ],
      "orientation": 33.63894649072222,
      "Role": null,
      "child_part": {
        "name": "Part_Green_Nr_1",
        "pos": [
          -0.061408867716789245,
          0.5371802756786346,
          0.2
        ],
        "quat": [
          -0.9214052431423866,
          -0.3884316547590146,
          -0.011368659081744474,
          0.001995264788503215
        ],
        "orientation": 33.63894649072222,
        "Color": "Green",
        "Size": null,
        "Fragility": null,
        "Role": null
      }
    },
    "Container_1_Pos_1": {
      "pos": [
        0.47316461860855596,
        0.47948483167477607,
        0.2
      ],
      "quat": [
        -0.9214052431423866,
        -0.3884316547590146,
        -0.011368659081744474,
        0.001995264788503215
      ],
      "orientation": 31.793345252455822,
      "Role": null,
      "child_part": null
    },
    "Container_1_Pos_2": {
      "pos": [
        0.5276403747183936,
        0.4485430800071428,
        0.2
      ],
      "quat": [
        -0.9214052431423866,
        -0.3884316547590146,
        -0.011368659081744474,
        0.001995264788503215
      ],
      "orientation": -88.20665474754418,
      "Role": null,
      "child_part": {
        "name": "Part_Red_Nr_1",
        "pos": [
          0.5358711726665497,
          0.4499305347204208,
          0.2
        ],
        "quat": [
          -0.9214052431423866,
          -0.3884316547590146,
          -0.011368659081744474,
          0.001995264788503215
        ],
        "orientation": -88.20665474754418,
        "Color": "Red",
        "Size": null,
        "Fragility": null,
        "Role": null
      }
    },
    "Container_1_Pos_3": {
      "pos": [
        0.5871371471390425,
        0.48542307555385494,
        0.2
      ],
      "quat": [
        -0.9214052431423866,
        -0.3884316547590146,
        -0.011368659081744474,
        0.001995264788503215
      ],
      "orientation": -28.206654747544178,
      "Role": null,
      "child_part": {
        "name": "Part_Blue_Nr_1",
        "pos": [
          0.5949725754261017,
          0.48647064065933227,
          0.2
        ],
        "quat": [
          -0.9214052431423866,
          -0.3884316547590146,
          -0.011368659081744474,
          0.001995264788503215
        ],
        "orientation": -28.206654747544178,
        "Color": "Blue",
        "Size": null,
        "Fragility": null,
        "Role": null
      }
    },
    "Container_1_Pos_4": {
      "pos": [
        0.5836586245326183,
        0.5479762519758129,
        0.2
      ],
      "quat": [
        -0.9214052431423866,
        -0.3884316547590146,
        -0.011368659081744474,
        0.001995264788503215
      ],
      "orientation": 31.793345252455822,
      "Role": null,
      "child_part": null
    },
    "Container_1_Pos_5": {
      "pos": [
        0.5291828684227807,
        0.5789180036434461,
        0.2
      ],
      "quat": [
        -0.9214052431423866,
        -0.3884316547590146,
        -0.011368659081744474,
        0.001995264788503215
      ],
      "orientation": -88.20665474754418,
      "Role": null,
      "child_part": null
    },
    "Container_1_Pos_6": {
      "pos": [
        0.46968609600213174,
        0.542038008096734,
        0.2
      ],
      "quat": [
        -0.9214052431423866,
        -0.3884316547590146,
        -0.011368659081744474,
        0.001995264788503215
      ],
      "orientation": -28.206654747544178,
      "Role": null,
      "child_part": null
    }
  },
  "parts": {
    "Part_Blue_Nr_2": {
      "pos": [
        0.5031262881755829,
        0.3591654831767082,
        0.2
      ],
      "quat": [
        -0.9214052431423866,
        -0.3884316547590146,
        -0.011368659081744474,
        0.001995264788503215
      ],
      "orientation": null,
      "Color": "Blue",
      "Size": null,
      "Fragility": null,
      "Role": null
    },
    "Part_Blue_Nr_3": {
      "pos": [
        0.34559007954597476,
        0.5903661260604858,
        0.2
      ],
      "quat": [
        -0.9214052431423866,
        -0.3884316547590146,
        -0.011368659081744474,
        0.001995264788503215
      ],
      "orientation": null,
      "Color": "Blue",
      "Size": null,
      "Fragility": null,
      "Role": null
    },
    "Part_Blue_Nr_4": {
      "pos": [
        0.2755880154371262,
        0.2381085613965988,
        0.2
      ],
      "quat": [
        -0.9214052431423866,
        -0.3884316547590146,
        -0.011368659081744474,
        0.001995264788503215
      ],
      "orientation": null,
      "Color": "Blue",
      "Size": null,
      "Fragility": null,
      "Role": null
    },
    "Part_Red_Nr_2": {
      "pos": [
        -0.19097722101211548,
        0.5521457204818725,
        0.2
      ],
      "quat": [
        -0.9214052431423866,
        -0.3884316547590146,
        -0.011368659081744474,
        0.001995264788503215
      ],
      "orientation": null,
      "Color": "Red",
      "Size": null,
      "Fragility": null,
      "Role": null
    }
  }
}