{
  "slots": {
    "Kit_0_Pos_1": {
      "pos": [
        0.5584767756774843,
        0.5100297103012914,
        0.2
      ],
      "quat": [
        -0.9214052431423866,
        -0.3884316547590146,
        -0.011368659081744474,
        0.001995264788503215
      ],
      "orientation": -15.37698286541746,
      "Role": null,
      "child_part": null
    },
    "Kit_0_Pos_2": {
      "pos": [
        0.5157721407017961,
        0.4678833682109839,
        0.2
      ],
      "quat": [
        -0.9214052431423866,
        -0.3884316547590146,
        -0.011368659081744474,
        0.001995264788503215
      ],
      "orientation": -75.37698286541746,
      "Role": null,
      "child_part": null
    },
    "Kit_0_Pos_3": {
      "pos": [
        0.5757586051057554,
        0.44981062386175685,
        0.2
      ],
      "quat": [
        -0.9214052431423866,
        -0.3884316547590146,
        -0.011368659081744474,
        0.001995264788503215
      ],
      "orientation": 44.62301713458254,
      "Role": null,
      "child_part": null
    },
    "Container_1_Pos_1": {
      "pos": [
        0.06074449482802108,
        0.5093716607997194,
        0.2
      ],
      "quat": [
        -0.9214052431423866,
        -0.3884316547590146,
        -0.011368659081744474,
        0.001995264788503215
      ],
      "orientation": -87.91582840175346,
      "Role": null,
      "child_part": null
    },
    "Container_1_Pos_2": {
      "pos": [
        0.11461708210574789,
        0.5413520350940222,
        0.2
      ],
      "quat": [
        -0.9214052431423866,
        -0.3884316547590146,
        -0.011368659081744474,
        0.001995264788503215
      ],
      "orientation": -27.91582840175346,
      "Role": null,
      "child_part": null
    },
    "Container_1_Pos_3": {
      "pos": [
        0.11207134764719,
        0.6113057286067061,
        0.2
      ],
      "quat": [
        -0.9214052431423866,
        -0.3884316547590146,
        -0.011368659081744474,
        0.001995264788503215
      ],
      "orientation": 32.08417159824654,
      "Role": null,
      "child_part": null
    },
    "Container_1_Pos_4": {
      "pos": [
        0.05601670226212785,
        0.6392856630375608,
        0.2
      ],
      "quat": [
        -0.9214052431423866,
        -0.3884316547590146,
        -0.011368659081744474,
        0.001995264788503215
      ],
      "orientation": -87.91582840175346,
      "Role": null,
      "child_part": null
    },
    "Container_1_Pos_5": {
      "pos": [
        0.0021441149844010354,
        0.607305288743258,
        0.2
      ],
      "quat": [
        -0.9214052431423866,
        -0.3884316547590146,
        -0.011368659081744474,
        0.001995264788503215
      ],
      "orientation": -27.91582840175346,
      "Role": null,
      "child_part": null
    },
    "Container_1_Pos_6": {
      "pos": [
        0.0046898494429589155,
        0.5373515952305741,
        0.2
      ],
      "quat": [
        -0.9214052431423866,
        -0.3884316547590146,
        -0.011368659081744474,
        0.001995264788503215
      ],
      "orientation": 32.08417159824654,
      "Role": null,
      "child_part": null
    },
    "Kit_2_Pos_1": {
      "pos": [
        0.5674328402245394,
        0.31322493925107914,
        0.2
      ],
      "quat": [
        -0.9214052431423866,
        -0.3884316547590146,
        -0.011368659081744474,
        0.001995264788503215
      ],
      "orientation": -26.962142189846844,
      "Role": null,
      "child_part": {
        "name": "Part_Red_Nr_2",
        "pos": [
          0.5805757291316986,
          0.3093451271057129,
          0.2
        ],
        "quat": [
          -0.9214052431423866,
          -0.3884316547590146,
          -0.011368659081744474,
          0.001995264788503215
        ],
        "orientation": -26.962142189846844,
        "Color": "Red",
        "Size": null,
        "Fragility": null,
        "Role": null
      }
    },
    "Kit_2_Pos_2": {
      "pos": [
        0.5171342091306961,
        0.28051335552168055,
        0.2
      ],
      "quat": [
        -0.9214052431423866,
        -0.3884316547590146,
        -0.011368659081744474,
        0.001995264788503215
      ],
      "orientation": -86.96214218984684,
      "Role": null,
      "child_part": {
        "name": "Part_Red_Nr_3",
        "pos": [
          0.5256750233173371,
          0.27708445584774016,
          0.2
        ],
        "quat": [
          -0.9214052431423866,
          -0.3884316547590146,
          -0.011368659081744474,
          0.001995264788503215
        ],
        "orientation": -86.96214218984684,
        "Color": "Red",
        "Size": null,
        "Fragility": null,
        "Role": null
      }
    },
    "Kit_2_Pos_3": {
      "pos": [
        0.5722691430962331,
        0.2507620688836901,
        0.2
      ],
      "quat": [
        -0.9214052431423866,
        -0.3884316547590146,
        -0.011368659081744474,
        0.001995264788503215
      ],
      "orientation": 33.037857810153156,
      "Role": null,
      "child_part": {
        "name": "Part_Red_Nr_1",
        "pos": [
          0.586235726594925,
          0.25018712973594665,
          0.2
        ],
        "quat": [
          -0.9214052431423866,
          -0.3884316547590146,
          -0.011368659081744474,
          0.001995264788503215
        ],
        "orientation": 33.037857810153156,
        "Color": "Red",
        "Size": null,
        "Fragility": null,
        "Role": null
      }
    },
    "Container_3_Pos_1": {
      "pos": [
        0.2029447324158973,
        0.5849275797940583,
        0.2
      ],
      "quat": [
        -0.9214052431423866,
        -0.3884316547590146,
        -0.011368659081744474,
        0.001995264788503215
      ],
      "orientation": -10.711889487828103,
      "Role": null,
      "child_part": null
    },
    "Container_3_Pos_2": {
      "pos": [
        0.22219908156964555,
        0.5253098807553873,
        0.2
      ],
      "quat": [
        -0.9214052431423866,
        -0.3884316547590146,
        -0.011368659081744474,
        0.001995264788503215
      ],
      "orientation": 49.2881105121719,
      "Role": null,
      "child_part": {
        "name": "Part_Blue_Nr_3",
        "pos": [
          0.22193546813726425,
          0.5264139184951782,
          0.2
        ],
        "quat": [
          -0.9214052431423866,
          -0.3884316547590146,
          -0.011368659081744474,
          0.001995264788503215
        ],
        "orientation": 49.2881105121719,
        "Color": "Blue",
        "Size": null,
        "Fragility": null,
        "Role": null
      }
    },
    "Container_3_Pos_3": {
      "pos": [
        0.2909792789000289,
        0.5122989447708577,
        0.2
      ],
      "quat": [
        -0.9214052431423866,
        -0.3884316547590146,
        -0.011368659081744474,
        0.001995264788503215
      ],
      "orientation": -70.7118894878281,
      "Role": null,
      "child_part": {
        "name": "Part_Blue_Nr_2",
        "pos": [
          0.2891801096200943,
          0.5158540318012237,
          0.2
        ],
        "quat": [
          -0.9214052431423866,
          -0.3884316547590146,
          -0.011368659081744474,
          0.001995264788503215
        ],
        "orientation": -70.7118894878281,
        "Color": "Blue",
        "Size": null,
        "Fragility": null,
        "Role": null
      }
    },
    "Container_3_Pos_4": {
      "pos": [
        0.33067938460089497,
        0.5607644129656463,
        0.2
      ],
      "quat": [
        -0.9214052431423866,
        -0.3884316547590146,
        -0.011368659081744474,
        0.001995264788503215
      ],
      "orientation": -10.711889487828103,
      "Role": null,
      "child_part": {
        "name": "Part_Blue_Nr_1",
        "pos": [
          0.33376407098770144,
          0.5652798423767089,
          0.2
        ],