{
  "slots": {
    "Kit_0_Pos_1": {
      "pos": [
        0.5575469871992703,
        0.509683261826017,
        0.2
      ],
      "quat": [
        -0.9214052431423866,
        -0.3884316547590146,
        -0.011368659081744474,
        0.001995264788503215
      ],
      "orientation": -15.694495058643781,
      "Role": null,
      "child_part": null
    },
    "Kit_0_Pos_2": {
      "pos": [
        0.5146094495725165,
        0.46777421909594386,
        0.2
      ],
      "quat": [
        -0.9214052431423866,
        -0.3884316547590146,
        -0.011368659081744474,
        0.001995264788503215
      ],
      "orientation": -75.69449505864378,
      "Role": null,
      "child_part": null
    },
    "Kit_0_Pos_3": {
      "pos": [
        0.5744948408884605,
        0.44936933096978937,
        0.2
      ],
      "quat": [
        -0.9214052431423866,
        -0.3884316547590146,
        -0.011368659081744474,
        0.001995264788503215
      ],
      "orientation": 44.30550494135622,
      "Role": null,
      "child_part": {
        "name": "Part_Blue_Nr_3",
        "pos": [
          0.5744948408884605,
          0.44936933096978937,
          0.2
        ],
        "quat": [
          -0.9214052431423866,
          -0.3884316547590146,
          -0.011368659081744474,
          0.001995264788503215
        ],
        "orientation": 44.30550494135622,
        "Color": "Blue",
        "Size": null,
        "Role": null
      }
    },
    "Kit_2_Pos_1": {
      "pos": [
        0.5658699690933217,
        0.3129912640811188,
        0.2
      ],
      "quat": [
        -0.9214052431423866,
        -0.3884316547590146,
        -0.011368659081744474,
        0.001995264788503215
      ],
      "orientation": -27.196828513792468,
      "Role": null,
      "child_part": null
    },
    "Kit_2_Pos_2": {
      "pos": [
        0.5154377720673029,
        0.28048597984718493,
        0.2
      ],
      "quat": [
        -0.9214052431423866,
        -0.3884316547590146,
        -0.011368659081744474,
        0.001995264788503215
      ],
      "orientation": -87.19682851379247,
      "Role": null,
      "child_part": {
        "name": "Part_Red_Nr_3",
        "pos": [
          0.5230641312599182,
          0.27629901564121245,
          0.2
        ],
        "quat": [
          -0.9214052431423866,
          -0.3884316547590146,
          -0.011368659081744474,
          0.001995264788503215
        ],
        "orientation": -87.19682851379247,
        "Color": "Red",
        "Size": null,
        "Role": null
      }
    },
    "Kit_2_Pos_3": {
      "pos": [
        0.570450381128085,
        0.25050910802363474,
        0.2
      ],
      "quat": [
        -0.9214052431423866,
        -0.3884316547590146,
        -0.011368659081744474,
        0.001995264788503215
      ],
      "orientation": 32.80317148620753,
      "Role": null,
      "child_part": {
        "name": "Part_Red_Nr_1",
        "pos": [
          0.58658003282547,
          0.24689008390903472,
          0.2
        ],
        "quat": [
          -0.9214052431423866,
          -0.3884316547590146,
          -0.011368659081744474,
          0.001995264788503215
        ],
        "orientation": 32.80317148620753,
        "Color": "Red",
        "Size": null,
        "Role": null
      }
    },
    "Container_3_Pos_1": {
      "pos": [
        0.20223174338156605,
        0.5856971383152176,
        0.2
      ],
      "quat": [
        -0.9214052431423866,
        -0.3884316547590146,
        -0.011368659081744474,
        0.001995264788503215
      ],
      "orientation": -10.278702698008146,
      "Role": null,
      "child_part": null
    },
    "Container_3_Pos_2": {
      "pos": [
        0.2219362796835011,
        0.5262267150013911,
        0.2
      ],
      "quat": [
        -0.9214052431423866,
        -0.3884316547590146,
        -0.011368659081744474,
        0.001995264788503215
      ],
      "orientation": 49.721297301991854,
      "Role": null,
      "child_part": {
        "name": "Part_Blue_Nr_2",
        "pos": [
          0.2219362796835011,
          0.5262267150013911,
          0.2
        ],
        "quat": [
          -0.9214052431423866,
          -0.3884316547590146,
          -0.011368659081744474,
          0.001995264788503215
        ],
        "orientation": 49.721297301991854,
        "Color": "Blue",
        "Size": null,
        "Role": null
      }
    },
    "Container_3_Pos_3": {
      "pos": [
        0.2908128799363153,
        0.5137361610659552,
        0.2
      ],
      "quat": [
        -0.9214052431423866,
        -0.3884316547590146,
        -0.011368659081744474,
        0.001995264788503215
      ],
      "orientation": -70.27870269800815,
      "Role": null,
      "child_part": {
        "name": "Part_Red_Nr_2",
        "pos": [
          0.2908128799363153,
          0.5137361610659552,
          0.2
        ],
        "quat": [
          -0.9214052431423866,
          -0.3884316547590146,
          -0.011368659081744474,
          0.001995264788503215
        ],
        "orientation": -70.27870269800815,
        "Color": "Red",
        "Size": null,
        "Role": null
      }
    },
    "Container_3_Pos_4": {
      "pos": [
        0.33014542956536386,
        0.5625003952922654,
        0.2
      ],
      "quat": [
        -0.9214052431423866,
        -0.3884316547590146,
        -0.011368659081744474,
        0.001995264788503215
      ],
      "orientation": -10.278702698008146,
      "Role": null,
      "child_part": {
        "name": "Part_Blue_Nr_1",
        "pos": [
          0.33245375227928164,
          0.5687785754203796,
          0.2
        ],
        "quat": [
          -0.9214052431423866,
          -0.3884316547590146,
          -0.011368659081744474,
          0.001995264788503215
        ],
        "orientation": -10.278702698008146,
        "Color": "Blue",
        "Size": null,
        "Role": null
      }
    },
    "Container_3_Pos_5": {
      "pos": [
        0.31044089326342883,
        0.6219708186060918,
        0.2
      ],
      "quat": [
        -0.9214052431423866,
        -0.3884316547590146,
        -0.011368659081744474,
        0.001995264788503215
      ],
      "orientation": 49.721297301991854,
      "Role": null,
      "child_part": null
    },
    "Container_3_Pos_6": {
      "pos": [
        0.2415642930106146,
        0.6344613725415277,
        0.2
      ],
      "quat": [
        -0.9214052431423866,
        -0.3884316547590146,
        -0.011368659081744474,
        0.001995264788503215
      ],
      "orientation": -70.27870269800815,
      "Role": null,
      "child_part": null
    }
  },
  "parts": {}
}