{
  "slots": {
    "Kit_0_Pos_1": {
      "pos": [
        -0.07373503404568396,
        0.4506151036514554,
        0.2
      ],
      "quat": [
        -0.9214052431423866,
        -0.3884316547590146,
        -0.011368659081744474,
        0.001995264788503215
      ],
      "orientation": -70.02713638209207,
      "Role": null,
      "child_part": null
    },
    "Kit_0_Pos_2": {
      "pos": [
        -0.014651510078797392,
        0.4401682287285734,
        0.2
      ],
      "quat": [
        -0.9214052431423866,
        -0.3884316547590146,
        -0.011368659081744474,
        0.001995264788503215
      ],
      "orientation": 49.97286361790793,
      "Role": null,
      "child_part": null
    },
    "Kit_0_Pos_3": {
      "pos": [
        -0.03461697004959882,
        0.49955156315966043,
        0.2
      ],
      "quat": [
        -0.9214052431423866,
        -0.3884316547590146,
        -0.011368659081744474,
        0.001995264788503215
      ],
      "orientation": -10.027136382092067,
      "Role": null,
      "child_part": null
    },
    "Container_1_Pos_1": {
      "pos": [
        0.4144884828625687,
        0.5529290899522004,
        0.2
      ],
      "quat": [
        -0.9214052431423866,
        -0.3884316547590146,
        -0.011368659081744474,
        0.001995264788503215
      ],
      "orientation": -1.2069184683923595,
      "Role": null,
      "child_part": null
    },
    "Container_1_Pos_2": {
      "pos": [
        0.44332335440267434,
        0.49730939754685166,
        0.2
      ],
      "quat": [
        -0.9214052431423866,
        -0.3884316547590146,
        -0.011368659081744474,
        0.001995264788503215
      ],
      "orientation": 58.79308153160764,
      "Role": null,
      "child_part": {
        "name": "Part_Red_Nr_1",
        "pos": [
          0.44944503378868106,
          0.4986751983165741,
          0.2
        ],
        "quat": [
          -0.9214052431423866,
          -0.3884316547590146,
          -0.011368659081744474,
          0.001995264788503215
        ],
        "orientation": 58.79308153160764,
        "Color": "Red",
        "Size": null,
        "Fragility": null,
        "Role": null
      }
    },
    "Container_1_Pos_3": {
      "pos": [
        0.5133078247198245,
        0.49583497751581335,
        0.2
      ],
      "quat": [
        -0.9214052431423866,
        -0.3884316547590146,
        -0.011368659081744474,
        0.001995264788503215
      ],
      "orientation": -61.20691846839236,
      "Role": null,
      "child_part": {
        "name": "Part_Blue_Nr_2",
        "pos": [
          0.5192548878192902,
          0.4974104026556015,
          0.2
        ],
        "quat": [
          -0.9214052431423866,
          -0.3884316547590146,
          -0.011368659081744474,
          0.001995264788503215
        ],
        "orientation": -61.20691846839236,
        "Color": "Blue",
        "Size": null,
        "Fragility": null,
        "Role": null
      }
    },
    "Container_1_Pos_4": {
      "pos": [
        0.5444596420229905,
        0.5501908813231292,
        0.2
      ],
      "quat": [
        -0.9214052431423866,
        -0.3884316547590146,
        -0.011368659081744474,
        0.001995264788503215
      ],
      "orientation": -1.2069184683923595,
      "Role": null,
      "child_part": {
        "name": "Part_Blue_Nr_1",
        "pos": [
          0.5548100717067719,
          0.5562561163902282,
          0.2
        ],
        "quat": [
          -0.9214052431423866,
          -0.3884316547590146,
          -0.011368659081744474,
          0.001995264788503215
        ],
        "orientation": -1.2069184683923595,
        "Color": "Blue",
        "Size": null,
        "Fragility": null,
        "Role": null
      }
    },
    "Container_1_Pos_5": {
      "pos": [
        0.5156247704828848,
        0.6058105737284779,
        0.2
      ],
      "quat": [
        -0.9214052431423866,
        -0.3884316547590146,
        -0.011368659081744474,
        0.001995264788503215
      ],
      "orientation": 58.79308153160764,
      "Role": null,
      "child_part": null
    },
    "Container_1_Pos_6": {
      "pos": [
        0.4456403001657345,
        0.6072849937595162,
        0.2
      ],
      "quat": [
        -0.9214052431423866,
        -0.3884316547590146,
        -0.011368659081744474,
        0.001995264788503215
      ],
      "orientation": -61.20691846839236,
      "Role": null,
      "child_part": null
    }
  },
  "parts": {
    "Part_Blue_Nr_3": {
      "pos": [
        0.48674505424499515,
        0.24187791442871093,
        0.2
      ],
      "quat": [
        -0.9214052431423866,
        -0.3884316547590146,
        -0.011368659081744474,
        0.001995264788503215
      ],
      "orientation": null,
      "Color": "Blue",
      "Size": null,
      "Fragility": null,
      "Role": null
    },
    "Part_Blue_Nr_4": {
      "pos": [
        0.20044796016812325,
        0.23273465132713317,
        0.2
      ],
      "quat": [
        -0.9214052431423866,
        -0.3884316547590146,
        -0.011368659081744474,
        0.001995264788503215
      ],
      "orientation": null,
      "Color": "Blue",
      "Size": null,
      "Fragility": null,
      "Role": null
    },
    "Part_Green_Nr_1": {
      "pos": [
        0.0769286624789238,
        0.25107435977458953,
        0.2
      ],
      "quat": [
        -0.9214052431423866,
        -0.3884316547590146,
        -0.011368659081744474,
        0.001995264788503215
      ],
      "orientation": null,
      "Color": "Green",
      "Size": null,
      "Fragility": null,
      "Role": null
    }
  }
}