{
  "slots": {
    "Kit_0_Pos_1": {
      "pos": [
        0.22112875387068442,
        0.6057794748210164,
        0.2
      ],
      "quat": [
        -0.9214052431423866,
        -0.3884316547590146,
        -0.011368659081744474,
        0.001995264788503215
      ],
      "orientation": 45.359740556905905,
      "Role": null,
      "child_part": {
        "name": "Part_Blue_Nr_1",
        "pos": [
          0.2191219277381897,
          0.6157380053997039,
          0.2
        ],
        "quat": [
          -0.9214052431423866,
          -0.3884316547590146,
          -0.011368659081744474,
          0.001995264788503215
        ],
        "orientation": 45.359740556905905,
        "Color": "Blue",
        "Size": null,
        "Fragility": null,
        "Role": null
      }
    },
    "Kit_0_Pos_2": {
      "pos": [
        0.23702147112266425,
        0.5479225691109059,
        0.2
      ],
      "quat": [
        -0.9214052431423866,
        -0.3884316547590146,
        -0.011368659081744474,
        0.001995264788503215
      ],
      "orientation": -14.640259443094095,
      "Role": null,
      "child_part": null
    },
    "Kit_0_Pos_3": {
      "pos": [
        0.282110609397609,
        0.5914193461136092,
        0.2
      ],
      "quat": [
        -0.9214052431423866,
        -0.3884316547590146,
        -0.011368659081744474,
        0.001995264788503215
      ],
      "orientation": -74.6402594430941,
      "Role": null,
      "child_part": null
    },
    "Container_1_Pos_1": {
      "pos": [
        0.5548758220749098,
        0.3791172522853943,
        0.2
      ],
      "quat": [
        -0.9214052431423866,
        -0.3884316547590146,
        -0.011368659081744474,
        0.001995264788503215
      ],
      "orientation": -58.38198578619152,
      "Role": null,
      "child_part": null
    },
    "Container_1_Pos_2": {
      "pos": [
        0.5859841300835711,
        0.43349806850617434,
        0.2
      ],
      "quat": [
        -0.9214052431423866,
        -0.3884316547590146,
        -0.011368659081744474,
        0.001995264788503215
      ],
      "orientation": 1.6180142138084648,
      "Role": null,
      "child_part": null
    },
    "Container_1_Pos_3": {
      "pos": [
        0.5492863732347012,
        0.4931074187983996,
        0.2
      ],
      "quat": [
        -0.9214052431423866,
        -0.3884316547590146,
        -0.011368659081744474,
        0.001995264788503215
      ],
      "orientation": 61.618014213808465,
      "Role": null,
      "child_part": null
    },
    "Container_1_Pos_4": {
      "pos": [
        0.48672284506986563,
        0.48982033139952696,
        0.2
      ],
      "quat": [
        -0.9214052431423866,
        -0.3884316547590146,
        -0.011368659081744474,
        0.001995264788503215
      ],
      "orientation": -58.38198578619152,
      "Role": null,
      "child_part": null
    },
    "Container_1_Pos_5": {
      "pos": [
        0.45561453706120425,
        0.4354395151787469,
        0.2
      ],
      "quat": [
        -0.9214052431423866,
        -0.3884316547590146,
        -0.011368659081744474,
        0.001995264788503215
      ],
      "orientation": 1.6180142138084648,
      "Role": null,
      "child_part": null
    },
    "Container_1_Pos_6": {
      "pos": [
        0.49231229391007425,
        0.3758301648865216,
        0.2
      ],
      "quat": [
        -0.9214052431423866,
        -0.3884316547590146,
        -0.011368659081744474,
        0.001995264788503215
      ],
      "orientation": 61.618014213808465,
      "Role": null,
      "child_part": {
        "name": "Part_Red_Nr_1",
        "pos": [
          0.494884932756424,
          0.3756084898710251,
          0.2
        ],
        "quat": [
          -0.9214052431423866,
          -0.3884316547590146,
          -0.011368659081744474,
          0.001995264788503215
        ],
        "orientation": 61.618014213808465,
        "Color": "Red",
        "Size": null,
        "Fragility": null,
        "Role": null
      }
    }
  },
  "parts": {
    "Part_Blue_Nr_2": {
      "pos": [
        0.05195372772216797,
        0.5149087617397308,
        0.2
      ],
      "quat": [
        -0.9214052431423866,
        -0.3884316547590146,
        -0.011368659081744474,
        0.001995264788503215
      ],
      "orientation": null,
      "Color": "Blue",
      "Size": null,
      "Fragility": null,
      "Role": null
    },
    "Part_Blue_Nr_3": {
      "pos": [
        0.0173324294090271,
        0.3981540734171867,
        0.2
      ],
      "quat": [
        -0.9214052431423866,
        -0.3884316547590146,
        -0.011368659081744474,
        0.001995264788503215
      ],
      "orientation": null,
      "Color": "Blue",
      "Size": null,
      "Fragility": null,
      "Role": null
    }
  }
}