{
  "slots": {
    "Kit_0_Pos_1": {
      "pos": [
        -0.048331901619663414,
        0.3959618149663551,
        0.2
      ],
      "quat": [
        -0.9214052431423866,
        -0.3884316547590146,
        -0.011368659081744474,
        0.001995264788503215
      ],
      "orientation": -61.37635515179272,
      "Role": null,
      "child_part": null
    },
    "Kit_0_Pos_2": {
      "pos": [
        0.011650787620500841,
        0.39452063783710223,
        0.2
      ],
      "quat": [
        -0.9214052431423866,
        -0.3884316547590146,
        -0.011368659081744474,
        0.001995264788503215
      ],
      "orientation": 58.62364484820728,
      "Role": null,
      "child_part": null
    },
    "Kit_0_Pos_3": {
      "pos": [
        -0.017019477964432872,
        0.4502253582052126,
        0.2
      ],
      "quat": [
        -0.9214052431423866,
        -0.3884316547590146,
        -0.011368659081744474,
        0.001995264788503215
      ],
      "orientation": -1.3763551517927226,
      "Role": null,
      "child_part": null
    },
    "Container_1_Pos_1": {
      "pos": [
        0.2455378816405969,
        0.5253663769051569,
        0.2
      ],
      "quat": [
        -0.9214052431423866,
        -0.3884316547590146,
        -0.011368659081744474,
        0.001995264788503215
      ],
      "orientation": 47.57368784792126,
      "Role": null,
      "child_part": null
    },
    "Container_1_Pos_2": {
      "pos": [
        0.30637513286351964,
        0.510405465715026,
        0.2
      ],
      "quat": [
        -0.9214052431423866,
        -0.3884316547590146,
        -0.011368659081744474,
        0.001995264788503215
      ],
      "orientation": -72.42631215207874,
      "Role": null,
      "child_part": null
    },
    "Container_1_Pos_3": {
      "pos": [
        0.3536000336661035,
        0.562075657742791,
        0.2
      ],
      "quat": [
        -0.9214052431423866,
        -0.3884316547590146,
        -0.011368659081744474,
        0.001995264788503215
      ],
      "orientation": -12.426312152078737,
      "Role": null,
      "child_part": null
    },
    "Container_1_Pos_4": {
      "pos": [
        0.33324126884539557,
        0.6213253049567204,
        0.2
      ],
      "quat": [
        -0.9214052431423866,
        -0.3884316547590146,
        -0.011368659081744474,
        0.001995264788503215
      ],
      "orientation": 47.57368784792126,
      "Role": null,
      "child_part": null
    },
    "Container_1_Pos_5": {
      "pos": [
        0.2724040176224728,
        0.6362862161468514,
        0.2
      ],
      "quat": [
        -0.9214052431423866,
        -0.3884316547590146,
        -0.011368659081744474,
        0.001995264788503215
      ],
      "orientation": -72.42631215207871,
      "Role": null,
      "child_part": null
    },
    "Container_1_Pos_6": {
      "pos": [
        0.2251791168198889,
        0.5846160241190864,
        0.2
      ],
      "quat": [
        -0.9214052431423866,
        -0.3884316547590146,
        -0.011368659081744474,
        0.001995264788503215
      ],
      "orientation": -12.426312152078708,
      "Role": null,
      "child_part": null
    }
  },
  "parts": {
    "Part_Blue_Nr_1": {
      "pos": [
        0.44391601753234866,
        0.3831212604641914,
        0.2
      ],
      "quat": [
        -0.9214052431423866,
        -0.3884316547590146,
        -0.011368659081744474,
        0.001995264788503215
      ],
      "orientation": null,
      "Color": "Blue",
      "Size": null,
      "Fragility": null,
      "Role": null
    },
    "Part_Blue_Nr_2": {
      "pos": [
        0.2006488501727581,
        0.23280608749389647,
        0.2
      ],
      "quat": [
        -0.9214052431423866,
        -0.3884316547590146,
        -0.011368659081744474,
        0.001995264788503215
      ],
      "orientation": null,
      "Color": "Blue",
      "Size": null,
      "Fragility": null,
      "Role": null
    },
    "Part_Blue_Nr_3": {
      "pos": [
        0.045350561261177064,
        0.5786106297969817,
        0.2
      ],
      "quat": [
        -0.9214052431423866,
        -0.3884316547590146,
        -0.011368659081744474,
        0.001995264788503215
      ],
      "orientation": null,
      "Color": "Blue",
      "Size": null,
      "Fragility": null,
      "Role": null
    },
    "Part_Red_Nr_1": {
      "pos": [
        0.5318131394386292,
        0.4016378084421158,
        0.2
      ],
      "quat": [
        -0.9214052431423866,
        -0.3884316547590146,
        -0.011368659081744474,
        0.001995264788503215
      ],
      "orientation": null,
      "Color": "Red",
      "Size": null,
      "Fragility": null,
      "Role": null
    }
  }
}